Country Name,Code,Year,Coal electricity per capita (kWh),Gas electricity per capita (kWh),Oil electricity per capita (kWh),Nuclear electricity per capita (kWh),Hydro electricity per capita (kWh),Wind electricity per capita (kWh),Solar electricity per capita (kWh),Other renewable electricity including bioenergy per capita (kWh),,Coal %,Gas %,Oil %,Nuclear %,Hydro %,Wind %,Solar %,Other renewable %
Brunei,BRN,2000,0,0,7157.039063,0,0,0,0,0,7157.039063,0,0,100,0,0,0,0,0
Brunei,BRN,2001,0,0,7101.793457,0,0,0,0,0,7101.793457,0,0,100,0,0,0,0,0
Brunei,BRN,2002,0,0,7309.983398,0,0,0,0,0,7309.983398,0,0,100,0,0,0,0,0
Brunei,BRN,2003,0,0,8473.40332,0,0,0,0,0,8473.40332,0,0,100,0,0,0,0,0
Brunei,BRN,2004,0,0,8516.611328,0,0,0,0,0,8516.611328,0,0,100,0,0,0,0,0
Brunei,BRN,2005,0,0,8371.326172,0,0,0,0,0,8371.326172,0,0,100,0,0,0,0,0
Brunei,BRN,2006,0,0,8315.138672,0,0,0,0,0,8315.138672,0,0,100,0,0,0,0,0
Brunei,BRN,2007,0,0,8422.198242,0,0,0,0,0,8422.198242,0,0,100,0,0,0,0,0
Brunei,BRN,2008,0,7462.705566,910.0861206,0,0,0,0,0,8372.791687,0,89.13043397,10.86956603,0,0,0,0,0
Brunei,BRN,2009,0,7737.20166,947.9353027,0,0,0,0,0,8685.136963,0,89.08554572,10.91445428,0,0,0,0,0
Brunei,BRN,2010,0,7928.011719,1085.683105,0,0,0,0,0,9013.694824,0,87.95518235,12.04481765,0,0,0,0,0
Brunei,BRN,2011,0,7720.757813,996.2268066,0,0,0,0,0,8716.984619,0,88.57142865,11.42857135,0,0,0,0,0
Brunei,BRN,2012,0,8066.162109,1032.862183,0,0,0,0,0,9099.024292,0,88.64864903,11.35135097,0,0,0,0,0
Brunei,BRN,2013,0,8914.171875,1141.596924,0,0,0,0,0,10055.7688,0,88.64734317,11.35265683,0,0,0,0,0
Brunei,BRN,2014,0,9023.927734,1151.990845,0,0,0,0,0,10175.91858,0,88.67924467,11.32075533,0,0,0,0,0
Brunei,BRN,2015,0,8850.418945,498.2809448,0,0,0,0,0,9348.69989,0,94.67005091,5.329949091,0,0,0,0,0
Brunei,BRN,2016,0,8920.166992,492.956604,0,0,0,0,0,9413.123596,0,94.7630922,5.236907802,0,0,0,0,0
Brunei,BRN,2017,0,8598.851563,488.0429382,0,0,0,0,0,9086.894501,0,94.62915589,5.370844112,0,0,0,0,0
Brunei,BRN,2018,0,8796.107422,506.5821228,0,0,0,0,0,9302.689545,0,94.55445524,5.445544757,0,0,0,0,0
Brunei,BRN,2019,5250.446289,5044.994141,296.7643433,0,0,0,0,0,10592.20477,49.56896512,47.62931088,2.801724,0,0,0,0,0
Brunei,BRN,2020,4935.074219,4753.970215,271.6554565,0,0,0,0,0,9960.69989,49.54545638,47.72727085,2.727272777,0,0,0,0,0
Cambodia,KHM,2000,0,0,34.65677261,0,4.125805855,0,0,0,38.78257847,0,0,89.36170307,0,10.63829693,0,0,0
Cambodia,KHM,2001,0,0,38.9035759,0,2.431473494,0,0,0,41.33504939,0,0,94.11764706,0,5.882352941,0,0,0
Cambodia,KHM,2002,0,0,52.54031372,0,2.388195992,0,0,0,54.92850971,0,0,95.65217406,0,4.347825936,0,0,0
Cambodia,KHM,2003,0,0,52.39403915,0,3.128002405,0,0,0,55.52204156,0,0,94.36619707,0,5.633802932,0,0,0
Cambodia,KHM,2004,0,0,56.08319473,0,2.304788828,0,0,0,58.38798356,0,0,96.05263157,0,3.947368426,0,0,0
Cambodia,KHM,2005,0,0,64.92237854,0,3.019645452,0,0,0,67.94202399,0,0,95.55555564,0,4.444444359,0,0,0
Cambodia,KHM,2006,0,0,72.71226501,0,3.709809542,0,0,5.935695171,82.35776973,0,0,88.28828811,0,4.504504619,0,0,7.207207275
Cambodia,KHM,2007,0,0,91.14242554,0,3.645697117,0,0,8.020533562,102.8086562,0,0,88.65248209,0,3.546099376,0,0,7.801418535
Cambodia,KHM,2008,0,0,88.21063232,0,2.868638515,0,0,8.605916023,99.68518686,0,0,88.48920798,0,2.877697886,0,0,8.633094138
Cambodia,KHM,2009,0,0,72.76199341,0,2.825708389,0,0,7.770698071,83.35839987,0,0,87.28813596,0,3.389830412,0,0,9.322033632
Cambodia,KHM,2010,0,0,57.08901596,0,2.08862257,0,0,6.265867233,65.44350576,0,0,87.234043,0,3.191489431,0,0,9.574467566
Cambodia,KHM,2011,0,0,57.63730621,0,3.430792093,0,0,6.861584187,67.92968249,0,0,84.84848464,0,5.050505121,0,0,10.10101024
Cambodia,KHM,2012,0,0,35.84313965,0,34.49057007,0,0,22.31742859,92.65113831,0,0,38.68612982,0,37.22627773,0,0,24.08759244
Cambodia,KHM,2013,0,0,32.00065994,0,67.3347168,0,0,15.33364964,114.6690264,0,0,27.90697798,0,58.72092833,0,0,13.37209369
Cambodia,KHM,2014,50.62186813,0,17.09309769,0,120.3091202,0,0,7.231695652,195.2557817,25.92592532,0,8.75420822,0,61.61616274,0,0,3.703703722
Cambodia,KHM,2015,112.2099533,0,23.99866104,0,128.4252625,0,0,9.729187012,274.3630638,40.89834533,0,8.747045141,0,46.80851011,0,0,3.546099419
Cambodia,KHM,2016,138.2436676,0,29.44078064,0,165.764389,0,0,11.52030563,344.9691429,40.07421256,0,8.534322923,0,48.0519468,0,0,3.339517713
Cambodia,KHM,2017,201.5072784,0,31.58421135,0,171.1864319,0,0,20.2138958,424.4918175,47.47023856,0,7.440475894,0,40.32738084,0,0,4.761904698
Cambodia,KHM,2018,159.7479706,0,24.96062088,0,292.663269,0,1.24803102,16.22440338,494.8442949,32.28247193,0,5.044136335,0,59.14249635,0,0.252206812,3.278688579
Cambodia,KHM,2019,210.3932343,0,32.70041275,0,248.6465454,0,5.552900314,20.97762299,518.2707157,40.59523872,0,6.309523529,0,47.97619041,0,1.071428531,4.047618812
Cambodia,KHM,2020,209.7962189,0,25.00478172,0,212.8455811,0,5.488854408,13.41720009,466.5526361,44.96732043,0,5.359477106,0,45.62091489,0,1.176470559,2.875817014
Indonesia,IDN,1985,31.43680954,10.94557381,39.66307831,0,16.68686867,0,0,0,98.73233032,31.84044116,11.08610905,40.17233076,0,16.90111903,0,0,0
Indonesia,IDN,1986,31.62588882,11.01140594,39.90163422,0,26.33841515,0,0,0,108.8773441,29.0472633,10.11358794,36.64824352,0,24.19090524,0,0,0
Indonesia,IDN,1987,35.86061478,12.4858427,45.24449158,0,26.57975006,0,0,0,120.1706991,29.84139648,10.3900891,37.65018587,0,22.11832856,0,0,0
Indonesia,IDN,1988,43.12256622,15.01428699,54.40672302,0,28.65025711,0,0,0,141.1938334,30.5413949,10.63381214,38.5333564,0,20.29143655,0,0,0
Indonesia,IDN,1989,47.549366,16.5555954,59.99191666,0,35.09358215,0,0,0,159.1904602,29.86948209,10.39986654,37.68562298,0,22.04502839,0,0,0
Indonesia,IDN,1990,53.62332916,18.66909218,67.65529633,0,35.64143753,0,0,6.189177513,181.7783327,29.4992964,10.27025163,37.21857018,0,19.60708793,0,0,3.404793861
Indonesia,IDN,1991,59.59363556,23.46671867,76.84362793,0,39.97151947,0,0,5.67249155,205.5479932,28.99256501,11.41666154,37.38476194,0,19.4463195,0,0,2.759692013
Indonesia,IDN,1992,60.25549316,17.23280144,79.23305511,0,51.15380096,0,0,5.75810957,213.6332603,28.20510865,8.066534873,37.0883518,0,23.9446802,0,0,2.695324484
Indonesia,IDN,1993,55.70831299,22.51669502,76.79116821,0,46.3711586,0,0,5.69513607,207.0824709,26.90151066,10.87329841,37.0824087,0,22.39260445,0,0,2.750177765
Indonesia,IDN,1994,65.69165802,63.27190399,57.46075058,0,40.95316315,0,0,8.22819519,235.6056709,27.88203601,26.85500045,24.38852611,0,17.3820787,0,0,3.492358719
Indonesia,IDN,1995,72.50730896,104.3026276,43.29869461,0,41.85491943,0,0,11.16648865,273.1300392,26.54680868,38.18790048,15.85277648,0,15.32417289,0,0,4.088341465
Indonesia,IDN,1996,82.78440857,108.532196,45.54649734,0,43.82084656,0,0,11.63443375,292.3183823,28.31994619,37.12807768,15.58112664,0,14.99079402,0,0,3.980055464
Indonesia,IDN,1997,100.0485306,144.7283783,58.67383575,0,28.66479492,0,0,13.33336449,345.448904,28.96188971,41.89574105,16.98480877,0,8.2978393,0,0,3.859721172
Indonesia,IDN,1998,107.9429321,149.4945984,45.85113525,0,49.85915756,0,0,15.81146622,368.9592896,29.25605485,40.51791149,12.42715295,0,13.51345771,0,0,4.28542299
Indonesia,IDN,1999,124.8117828,158.7585754,46.51958847,0,49.1939888,0,0,18.67671967,397.9606552,31.36284484,39.89303298,11.68949439,0,12.36152071,0,0,4.693107075
Indonesia,IDN,2000,158.8341064,149.1504669,58.41013718,0,46.78790665,0,0,22.76052094,435.9431381,36.43459262,34.21328469,13.39856786,0,10.73257096,0,0,5.220983873
Indonesia,IDN,2001,173.7026367,152.3957062,60.6367836,0,53.68186569,0,0,27.79481506,468.2118073,37.0991577,32.54845431,12.95071646,0,11.46529516,0,0,5.936376365
Indonesia,IDN,2002,195.0298004,148.9766083,74.11576843,0,45.12639236,0,0,28.36379814,491.6123676,39.67145932,30.30367381,15.07605856,0,9.179263041,0,0,5.769545278
Indonesia,IDN,2003,208.2614899,151.246109,77.85543823,0,40.78803253,0,0,28.24948883,506.4005585,41.12584127,29.86689222,15.37427969,0,8.054499911,0,0,5.578486903
Indonesia,IDN,2004,213.3809814,163.8940887,82.14621735,0,42.81694031,0,0,29.50182152,531.7400494,40.12881514,30.82222017,15.44856692,0,8.052231604,0,0,5.548166168
Indonesia,IDN,2005,226.5027618,179.5755005,75.59707642,0,46.87394714,0,0,28.91106033,557.4603462,40.6311881,32.21314336,13.56097827,0,8.408480973,0,0,5.186209302
Indonesia,IDN,2006,253.095993,174.2133179,76.56684875,0,41.51469803,0,0,28.79238129,574.183239,44.07930707,30.34106641,13.33491533,0,7.230217674,0,0,5.014493516
Indonesia,IDN,2007,272.0874634,179.0696869,77.23806763,0,48.05451202,8.51577E-05,0,29.97126579,606.4210809,44.86774487,29.52893502,12.73670558,0,7.924281253,1.40427E-05,0,4.942319246
Indonesia,IDN,2008,258.4442749,198.477829,87.52455902,0,48.45093918,0.001134756,0.00042028,35.03704834,627.9362055,41.15772791,31.60796069,13.93844761,0,7.715901513,0.000180712,6.69304E-05,5.579714633
Indonesia,IDN,2009,273.5205994,208.6564941,82.39685059,0,47.23955917,0.015229397,0.00041497,38.70235825,650.5315059,42.04571138,32.07477151,12.66608148,0,7.261686597,0.00234107,6.37894E-05,5.949344174
Indonesia,IDN,2010,280.6251526,226.9945831,77.89151764,0,71.53713989,0.014917044,0.002131006,38.53961563,695.6050569,40.34259812,32.63268156,11.19766409,0,10.28416041,0.00214447,0.000306353,5.540445005
Indonesia,IDN,2011,328.1670227,232.5293121,92.50582123,0,50.25866318,0.018980194,0.003116151,38.74100494,742.2239205,44.21401866,31.32872785,12.46333063,0,6.771361282,0.002557206,0.00041984,5.219584531
Indonesia,IDN,2012,408.3013306,216.1145782,86.25601196,0,51.15087891,0.018423589,0.012029285,38.68821716,800.5414697,51.0031455,26.99605035,10.77470877,0,6.389535189,0.002301391,0.001502644,4.832756156
Indonesia,IDN,2013,439.2502441,229.1918182,80.39453888,0,66.81558228,0.000394826,0.021715447,37.81457138,853.4888652,51.46525773,26.85352177,9.419518187,0,7.828524191,4.62603E-05,0.002544315,4.430587548
Indonesia,IDN,2014,466.5032349,236.2615204,89.9147644,0,59.170681,0,0.026577709,40.0488205,891.9255989,52.30293148,26.48892696,10.08097139,0,6.634037758,0,0.002979812,4.490152603
Indonesia,IDN,2015,481.1322021,208.9459229,119.3047409,0,53.0334053,0.014280643,0.020378863,40.59629822,903.0472289,53.27874188,23.13787321,13.2113512,0,5.872716687,0.001581384,0.002256677,4.495478965
Indonesia,IDN,2016,517.0144653,235.970047,79.4310379,0,71.32662964,0.021729983,0.080542244,42.93680573,946.7812578,54.607594,24.92339651,8.389587061,0,7.533591212,0.002295143,0.008506954,4.535029118
Indonesia,IDN,2017,559.4143066,211.0813293,71.26113892,0,70.44412231,0,0.10983035,50.48162079,962.7923484,58.10331871,21.9238686,7.40150657,0,7.316647503,0,0.011407481,5.243251141
Indonesia,IDN,2018,599.1491089,215.1051331,67.19380951,0,81.01483917,0.711357474,0.338005275,99.03243256,1062.544686,56.38813283,20.24433757,6.323857283,0,7.624605369,0.066948476,0.031810923,9.320307547
Indonesia,IDN,2019,647.2703247,231.1682434,39.25323486,0,78.49533844,1.795366287,0.438751906,97.48950195,1095.910762,59.06232035,21.0937105,3.581791168,0,7.162566624,0.163824132,0.040035368,8.89575186
Indonesia,IDN,2020,665.3069458,188.6131897,24.88063622,0,89.47686768,1.747235775,0.628894508,102.7393036,1073.393073,61.98166938,17.57167942,2.317942684,0,8.33589017,0.162776882,0.058589395,9.571452075
Indonesia,IDN,2021,693.9024048,205.5318451,24.2846489,,90.21630096,1.596328497,0.703626513,112.7822571,1129.017412,61.46073546,18.20448852,2.150954329,0,7.990691731,0.141390955,0.062322025,9.989416983
Laos,LAO,2000,0,0,64.44648743,0,603.9556885,0,0,0,668.4021759,0,0,9.641872775,0,90.35812722,0,0,0
Laos,LAO,2001,0,0,63.40908432,0,597.8570557,0,0,0,661.26614,0,0,9.589041459,0,90.41095854,0,0,0
Laos,LAO,2002,0,0,60.64818954,0,572.590271,0,0,0,633.2384605,0,0,9.577464624,0,90.42253538,0,0,0
Laos,LAO,2003,0,0,52.73267746,0,497.4449158,0,0,0,550.1775932,0,0,9.584664681,0,90.41533532,0,0,0
Laos,LAO,2004,0,0,0,0,520.0956421,0,0,0,520.0956421,0,0,0,0,100,0,0,0
Laos,LAO,2005,0,0,0,0,599.6956177,0,0,0,599.6956177,0,0,0,0,100,0,0,0
Laos,LAO,2006,0,0,0,0,605.3882446,0,0,0,605.3882446,0,0,0,0,100,0,0,0
Laos,LAO,2007,0,0,0,0,557.8218384,0,0,0,557.8218384,0,0,0,0,100,0,0,0
Laos,LAO,2008,0,0,0,0,606.2716675,0,0,0,606.2716675,0,0,0,0,100,0,0,0
Laos,LAO,2009,0,0,0,0,540.9367676,0,0,0,540.9367676,0,0,0,0,100,0,0,0
Laos,LAO,2010,0,0,0,0,1322.068237,0,0,0,1322.068237,0,0,0,0,100,0,0,0
Laos,LAO,2011,0,0,0,0,2001.143677,0,0,0,2001.143677,0,0,0,0,100,0,0,0
Laos,LAO,2012,0,0,0,0,1986.539429,0,0,0,1986.539429,0,0,0,0,100,0,0,0
Laos,LAO,2013,0,0,0,0,2325.498291,0,0,1.514982581,2327.013274,0,0,0,0,99.93489583,0,0,0.065104166
Laos,LAO,2014,0,0,0,0,2259.594238,0,0,1.494440556,2261.088679,0,0,0,0,99.93390615,0,0,0.06609385
Laos,LAO,2015,303.502655,0,0,0,2047.906128,0,0,10.31319714,2361.72198,12.8509053,0,0,0,86.71241345,0,0,0.436681253
Laos,LAO,2016,1063.64978,0,0,0,2543.762939,0,0,23.21745872,3630.630178,29.29656087,0,0,0,70.06395073,0,0,0.639488397
Laos,LAO,2017,1440.427002,0,0,0,2843.700195,0,1.428995013,30.00889587,4315.565088,33.37748296,0,0,0,65.89404023,0,0.033112582,0.695364228
Laos,LAO,2018,1511.609863,0,0,0,3110.482178,0,2.814915895,84.44747925,4709.354436,32.0980271,0,0,0,66.04901415,0,0.059772861,1.79318589
Laos,LAO,2019,1414.298096,0,0,0,2680.233643,0,5.546267033,79.03430939,4179.112315,33.84206954,0,0,0,64.13404189,0,0.132713998,1.891174571
Laos,LAO,2020,1388.092529,0,0,0,2623.166992,0,5.464931011,77.87526703,4094.59972,33.9005672,0,0,0,64.06406418,0,0.133466795,1.901901831
Malaysia,MYS,1985,0,145.2197266,596.8305664,0,249.4295959,0,0,0,991.4798889,0,14.64676472,60.19593267,0,25.15730261,0,0,0
Malaysia,MYS,1986,0,183.9479675,590.4717407,0,264.8417664,0,0,0,1039.261475,0,17.69987361,56.81647546,0,25.48365092,0,0,0
Malaysia,MYS,1987,0,207.6952362,572.0662842,0,309.7252502,0,0,0,1089.486771,0,19.06358497,52.50786881,0,28.42854623,0,0,0
Malaysia,MYS,1988,15.55255508,243.8786011,568.2431641,0,346.6908875,0,0,0,1174.365208,1.324337181,20.76684489,48.38726151,0,29.52155643,0,0,0
Malaysia,MYS,1989,127.5547409,240.1272125,588.2441406,0,311.0765686,0,0,0,1267.002663,10.06744063,18.95238421,46.4280114,0,24.55216376,0,0,0
Malaysia,MYS,1990,167.3796844,316.263092,602.5554199,0,229.8724213,0,0,0,1316.070618,12.71813854,24.03086033,45.78442918,0,17.46657194,0,0,0
Malaysia,MYS,1991,192.7573547,428.8060303,607.4659424,0,246.944519,0,0,0,1475.973846,13.05967278,29.05241386,41.15695843,0,16.73095493,0,0,0
Malaysia,MYS,1992,207.1064148,683.991333,571.3913574,0,231.3416901,0,0,0,1693.830795,12.22710175,40.38132586,33.73367393,0,13.65789846,0,0,0
Malaysia,MYS,1993,203.6737518,811.5112305,560.8902588,0,254.7496796,0,0,0,1830.824921,11.12469846,44.32489537,30.63593097,0,13.9144752,0,0,0
Malaysia,MYS,1994,208.3343353,992.7253418,497.4294739,0,330.9559937,0,0,0,2029.445145,10.26558101,48.91609632,24.5106144,0,16.30770827,0,0,0
Malaysia,MYS,1995,197.3492737,1263.676025,543.0829468,0,308.7865601,0,0,0,2312.894806,8.532565907,54.63612189,23.48065919,0,13.35065301,0,0,0
Malaysia,MYS,1996,201.8941345,1592.840454,536.2254028,0,250.567215,0,0,0,2581.527206,7.820724648,61.70147849,20.77163477,0,9.706162087,0,0,0
Malaysia,MYS,1997,115.7691803,1956.605347,551.8331299,0,196.3840637,0,0,0,2820.591721,4.104428849,69.36861271,19.5644455,0,6.962512947,0,0,0
Malaysia,MYS,1998,167.5795135,2050.35083,518.5565796,0,204.3507233,0,0,0,2940.837646,5.698359913,69.71995998,17.63295503,0,6.948725086,0,0,0
Malaysia,MYS,1999,202.1579132,2285.72998,222.0518341,0,337.6153259,0,0,0,3047.555054,6.633445816,75.00208988,7.286228803,0,11.0782355,0,0,0
Malaysia,MYS,2000,175.9848938,2437.912598,127.9137344,0,304.8138428,0,0,24.8812027,3071.506271,5.729595783,79.37189061,4.164527861,0,9.923920573,0,0,0.810065176
Malaysia,MYS,2001,264.9673767,2553.239014,142.8054199,0,257.661438,0,0,24.3854084,3243.058657,8.170292454,78.72935041,4.403417731,0,7.945013189,0,0,0.751926221
Malaysia,MYS,2002,395.9416199,2485.785889,215.8438873,0,224.2937469,0,0,16.75057983,3338.615723,11.85945472,74.45558564,6.465071313,0,6.718166018,0,0,0.501722307
Malaysia,MYS,2003,543.0604858,2441.144531,138.0509186,0,205.7445374,0,0,16.83547974,3344.835953,16.23578835,72.982489,4.12728518,0,6.151109958,0,0,0.503327517
Malaysia,MYS,2004,893.1740112,2521.583252,109.9637756,0,219.9875793,0,0,22.75112724,3767.459745,23.70759269,66.93059574,2.918777719,0,5.839148769,0,0,0.603885079
Malaysia,MYS,2005,973.2853394,2464.60376,102.8505325,0,231.7198944,0,0,22.85567284,3795.315199,25.64438758,64.93805206,2.709933883,0,6.105418977,0,0,0.602207502
Malaysia,MYS,2006,1004.397766,2542.044434,86.30397034,0,238.5190125,0,0,23.53744888,3894.802631,25.78815568,65.26760594,2.215875322,0,6.12403336,0,0,0.604329696
Malaysia,MYS,2007,1138.908691,2507.895264,100.1555634,0,219.8754883,0,0,28.04355812,3994.878565,28.50921931,62.77775965,2.50709907,0,5.503934218,0,0,0.701987749
Malaysia,MYS,2008,1121.625854,2583.865723,90.51758575,0,282.204834,0,0,28.80104828,4107.015045,27.31000111,62.91347108,2.203975022,0,6.871288049,0,0,0.701264738
Malaysia,MYS,2009,1334.07959,2386.703857,94.64516449,0,244.1772308,0,0,49.38008118,4108.985924,32.46736822,58.084985,2.303370375,0,5.942518066,0,0,1.201758344
Malaysia,MYS,2010,1720.226563,2271.191895,88.39186859,0,221.5008087,0,0,43.97821808,4345.289352,39.58830869,52.26790923,2.034199829,0,5.097492727,0,0,1.012089518
Malaysia,MYS,2011,1792.137817,1909.68335,322.1991577,0,276.0403442,0,0,52.68392181,4352.744591,41.17259306,43.87308536,7.402206837,0,6.341753771,0,0,1.210360974
Malaysia,MYS,2012,1875.070679,2056.344727,223.3093719,0,311.899292,0,0.236006379,50.6288414,4517.488917,41.50692372,45.51964076,4.943219033,0,6.904262472,0,0.005224282,1.120729731
Malaysia,MYS,2013,1780.776489,2361.852051,100.5899887,0,391.5306091,0,4.678974628,36.62176895,4676.049881,38.08292329,50.50955637,2.151174416,0,8.373105913,0,0.100062547,0.783177466
Malaysia,MYS,2014,1824.027222,2412.432373,114.0282516,0,437.4240723,0,7.416736603,22.64228439,4817.97094,37.85882573,50.07154263,2.366727676,0,9.079010184,0,0.153939007,0.469954773
Malaysia,MYS,2015,2043.011963,2251.838623,55.9724884,0,448.1661377,0,8.786940575,24.17213249,4831.948285,42.28132924,46.60311928,1.158383433,0,9.275060726,0,0.181850882,0.50025644
Malaysia,MYS,2016,2193.493896,2069.185547,37.55580902,0,635.1499634,0,9.833024025,24.10676956,4969.325009,44.14068092,41.63916715,0.755752722,0,12.78141321,0,0.19787444,0.48511155
Malaysia,MYS,2017,2153.69043,1943.0625,53.00881958,0,839.5721436,0,10.32030106,23.92433357,5023.578527,42.87163857,38.67885193,1.055200377,0,16.71263103,0,0.20543724,0.47624086
Malaysia,MYS,2018,2385.424316,1976.989014,28.6734848,0,812.5183105,0,19.50661278,41.69846725,5264.810205,45.3088378,37.55100253,0.544625232,0,15.43300288,0,0.370509325,0.792022231
Malaysia,MYS,2019,2329.317871,2203.388184,30.7889061,0,798.5605469,0,28.76138115,49.35269165,5440.16958,42.81700849,40.50219669,0.565954896,0,14.67896423,0,0.528685379,0.907190317
Malaysia,MYS,2020,2536.86084,1614.89856,28.29744339,0,841.0628662,0,35.30789948,49.1547699,5105.582378,49.68798174,31.63005589,0.554245163,0,16.47339723,0,0.69155479,0.96276519
Malaysia,MYS,2021,2301.752686,1886.827881,33.40319824,0,963.7196655,0,44.79127884,48.77925873,5279.273968,43.5997961,35.74029104,0.632723334,0,18.25477654,0,0.84843634,0.92397665
Myanmar,MMR,2000,0,55.99676895,7.246641159,0,41.06430054,0,0,3.074332476,107.3820431,0,52.1472374,6.748466455,0,38.2413105,0,0,2.862985641
Myanmar,MMR,2001,0,48.89727783,6.302316189,0,39.11782455,0,0,3.259818792,97.57723737,0,50.11135707,6.458797522,0,40.089088,0,0,3.340757415
Myanmar,MMR,2002,0,50.12882996,6.454356194,0,47.54709244,0,0,3.012032986,107.1423116,0,46.7871462,6.024096455,0,44.37751224,0,0,2.811245101
Myanmar,MMR,2003,0,56.04772568,7.245713234,0,47.52335739,0,0,3.622856617,114.4396529,0,48.97579139,6.331470822,0,41.52700238,0,0,3.165735411
Myanmar,MMR,2004,6.12609911,47.74132538,6.337343693,0,50.27626038,0,0,3.379916668,113.8609452,5.380333966,41.92950031,5.565862535,0,44.15584314,0,0,2.968460047
Myanmar,MMR,2005,10.47680569,40.85953903,5.238402843,0,62.23222733,0,0,2.933505535,121.7404804,8.605852097,33.56282059,4.302926048,0,51.11876272,0,0,2.40963854
Myanmar,MMR,2006,9.773692131,37.84706116,4.990821362,0,68.41584015,0,0,3.119263411,124.1466782,7.872697258,30.48576225,4.020100605,0,55.10887696,0,0,2.512562926
Myanmar,MMR,2007,9.288759232,36.32936859,4.747588158,0,73.89723969,0,0,3.509086847,127.7720425,7.269790049,28.43295597,3.715670552,0,57.83521828,0,0,2.74636515
Myanmar,MMR,2008,8.413798332,33.24476242,4.309506416,0,82.70147705,0,0,3.283433437,131.9529777,6.376361096,25.19440107,3.265941014,0,62.67496082,0,0,2.488335993
Myanmar,MMR,2009,5.712439537,22.03369522,2.856219769,0,106.0881653,0,0,2.04015708,138.7306769,4.117646987,15.88235257,2.058823494,0,76.47058867,0,0,1.470588283
Myanmar,MMR,2010,8.098643303,31.38224411,4.049321651,0,102.2453842,0,0,2.834525108,148.6101184,5.449590775,21.11716514,2.724795388,0,68.80109196,0,0,1.907356739
Myanmar,MMR,2011,7.631360531,29.922966,3.815680265,0,149.4140015,0,0,2.811553955,193.5955622,3.941908814,15.45643178,1.970954407,0,77.17842277,0,0,1.452282234
Myanmar,MMR,2012,9.558288574,37.03836823,5.575668335,0,153.1317444,0,0,3.584358215,208.8884277,4.575786547,17.73117287,2.669208819,0,73.30791181,0,0,1.715919955
Myanmar,MMR,2013,9.082233429,44.62140656,6.31807518,0,172.364975,0,0,3.751357317,236.1380475,3.8461542,18.89632231,2.675585425,0,72.99330914,0,0,1.588628922
Myanmar,MMR,2014,9.006814957,79.10333252,6.265610695,0,171.1294861,0,0,3.916006565,269.4212508,3.343023213,29.36046517,2.325581474,0,63.51744176,0,0,1.453488377
Myanmar,MMR,2015,10.68293953,95.17528534,9.90599823,0,180.8330383,0,0.194235265,4.273175716,301.0646724,3.548386944,31.61290382,3.290322359,0,60.064516,0,0.064516127,1.419354746
Myanmar,MMR,2016,13.29675674,116.5875168,12.14051723,0,185.9618835,0,0.19270663,5.395785332,333.5751663,3.986135087,34.9508982,3.639514707,0,55.74811987,0,0.057770077,1.61756206
Myanmar,MMR,2017,15.10853004,100.5960388,56.03543472,0,238.2940369,0,0.19124721,4.972427368,415.197715,3.63887601,24.22846639,13.49608456,0,57.39290662,0,0.04606172,1.197604704
Myanmar,MMR,2018,13.48117924,117.7229767,49.93732834,0,265.4462891,0,0.189875767,4.746893883,451.524543,2.985702427,26.07233173,11.05971516,0,58.78889491,0,0.042052147,1.051303624
Myanmar,MMR,2019,16.77972221,157.9933472,61.83987427,0,226.0549011,0,0.377072394,6.033158302,469.0780755,3.577170431,33.68167378,13.18327961,0,48.19131674,0,0.080385849,1.286173586
Myanmar,MMR,2020,13.29010582,138.1422424,72.44043732,0,205.9030609,0,0.374369174,4.866799355,435.017015,3.055077241,31.75559522,16.65232274,0,47.33218559,0,0.086058513,1.118760689
Philippines,PHL,1985,,,,0,101.3087158,0,0,108.4089127,209.7176285,0,0,0,0,48.30720076,0,0,51.69279924
Philippines,PHL,1986,,,,0,107.2360916,0,0,99.32837677,206.5644684,0,0,0,0,51.91410336,0,0,48.08589664
Philippines,PHL,1987,,,,0,91.38698578,0,0,85.27308655,176.6600723,0,0,0,0,51.73041343,0,0,48.26958657
Philippines,PHL,1988,,,,0,106.6105347,0,0,88.89163971,195.5021744,0,0,0,0,54.53163629,0,0,45.46836371
Philippines,PHL,1989,,,,0,107.8544083,0,0,94.82640076,202.680809,0,0,0,0,53.21392232,0,0,46.78607768
Philippines,PHL,1990,,,,0,98.47478485,0,0,95.77429199,194.2490768,0,0,0,0,50.69511086,0,0,49.30488914
Philippines,PHL,1991,,,,0,81.61516571,0,0,91.33919525,172.954361,0,0,0,0,47.18884523,0,0,52.81115477
Philippines,PHL,1992,,,,0,68.79078674,0,0,88.3125,157.1032867,0,0,0,0,43.78698127,0,0,56.21301873
Philippines,PHL,1993,,,,0,76.11602783,0,0,85.75537109,161.8713989,0,0,0,0,47.02253044,0,0,52.97746956
Philippines,PHL,1994,,,,0,86.65151978,0,0,93.42163086,180.0731506,0,0,0,0,48.12017753,0,0,51.87982247
Philippines,PHL,1995,,,,0,89.99216461,0,0,88.59145355,178.5836182,0,0,0,0,50.39217233,0,0,49.60782767
Philippines,PHL,1996,,,,0,99.09088898,0,0,92.09955597,191.1904449,0,0,0,0,51.82836883,0,0,48.17163117
Philippines,PHL,1997,,,,0,83.45843506,0,0,99.52030182,182.9787369,0,0,0,0,45.61100185,0,0,54.38899815
Philippines,PHL,1998,,,,0,68.00737,0,0,119.6639709,187.6713409,0,0,0,0,36.23748285,0,0,63.76251715
Philippines,PHL,1999,,,,0,102.8209381,0,0,138.9394073,241.7603455,0,0,0,0,42.53010886,0,0,57.46989114
Philippines,PHL,2000,162.9077606,23.08928871,125.5800781,0,100.0407562,0,0,149.1311646,560.7490482,29.05181224,4.117579652,22.39505863,0,17.84055747,0,0,26.59499201
Philippines,PHL,2001,169.4168396,47.97422791,130.6104584,0,89.21698761,0,0,131.1379242,568.3564377,29.8082028,8.440869976,22.98037811,0,15.69736554,0,0,23.07318357
Philippines,PHL,2002,142.9527893,107.0300598,110.4747009,0,86.52178192,0,0,126.0062714,572.9856033,24.94875761,18.67936283,19.28053694,0,15.10016681,0,0,21.9911758
Philippines,PHL,2003,157.940094,118.1536636,122.2528687,0,94.88245392,0,0,118.4242477,611.6533279,25.82183187,19.31709651,19.98728088,0,15.51245609,0,0,19.36133465
Philippines,PHL,2004,163.1061096,121.9749985,126.5845108,0,101.5593262,0,0,121.5205536,634.7454987,25.69630032,19.21636289,19.9425614,0,16.00000731,0,0,19.14476808
Philippines,PHL,2005,162.645462,121.7232513,132.2725983,0,97.2252655,0.202512726,0.017586112,114.7959595,628.8826355,25.86260979,19.35547978,21.03295445,0,15.4600016,0.03220199,0.002796406,18.25395598
Philippines,PHL,2006,157.7896576,109.8953247,120.4753036,0,113.0740128,0.605618775,0.015653826,119.0564346,620.9120059,25.41256347,17.69901752,19.40295928,0,18.21095609,0.097536973,0.002521102,19.17444557
Philippines,PHL,2007,173.6239471,121.0343246,132.8697662,0,95.615242,0.645836413,0.014615675,114.0523911,637.8561232,27.21992325,18.97517642,20.83067974,0,14.9900955,0.101251111,0.002291375,17.88058261
Philippines,PHL,2008,167.2286072,116.4901733,129.8597107,0,107.8606415,0.672706127,0.014290046,117.5069199,639.6330487,26.14446009,18.21203166,20.3022203,0,16.86289376,0.105170633,0.002234101,18.37098944
Philippines,PHL,2009,168.9135437,117.8091278,133.4094238,0,105.3027191,0.693169594,0.013470049,111.2199631,637.3614172,26.50200328,18.4838813,20.93151864,0,16.52166515,0.108756127,0.002113408,17.4500621
Philippines,PHL,2010,206.2624664,132.6123962,152.5834961,0,82.45642853,0.652146578,0.013250673,105.2067642,679.7869488,30.34222219,19.50793502,22.44578193,0,12.12974575,0.095933966,0.001949239,15.4764319
Philippines,PHL,2011,207.1873627,125.7033691,145.1141968,0,100.6616364,0.915568948,0.012580717,104.399231,683.9939456,30.29081822,18.37784822,21.21571364,0,14.71674377,0.133856294,0.001839302,15.26318056
Philippines,PHL,2012,214.3170776,130.0591431,151.9906921,0,104.5791245,0.768511832,0.013464947,106.4221344,708.1501485,30.26435539,18.3660405,21.46306012,0,14.76793088,0.108523854,0.001901425,15.02818783
Philippines,PHL,2013,232.3969421,123.2696686,162.8884888,0,100.4944534,0.658524811,0.014182531,98.46098328,718.1832435,32.35900367,17.164097,22.68063064,0,13.99287081,0.091693146,0.001974779,13.70972996
Philippines,PHL,2014,237.4532471,124.0559921,167.3818359,0,90.1776886,1.500633478,0.163009778,103.6643524,724.3967594,32.77944634,17.12542064,23.10637558,0,12.44865986,0.207156294,0.022502831,14.31043845
Philippines,PHL,2015,263.0267029,122.1958084,169.0747223,0,84.10136414,7.263943195,1.344580889,110.7541428,757.7612646,34.71102512,16.12589797,22.31239972,0,11.09866235,0.958605769,0.177441227,14.61596784
Philippines,PHL,2016,309.4151917,135.9710388,167.8183899,0,77.33867645,9.298846245,10.4601965,112.4794159,822.7817554,37.60598599,16.52577223,20.39646465,0,9.399658651,1.130171663,1.271320909,13.67062592
Philippines,PHL,2017,323.500885,133.8786011,167.7932587,0,90.04061127,10.24520683,11.25322247,105.7090454,842.4208307,38.40133971,15.89212852,19.91798547,0,10.68831729,1.216162571,1.335819587,12.54824686
Philippines,PHL,2018,352.3110657,133.8321533,172.1488647,0,86.431427,10.61928177,11.5052948,106.29319,873.1412773,40.34983511,15.32766309,19.71603785,0,9.898905165,1.216215754,1.317689943,12.17365308
Philippines,PHL,2019,406.6830444,131.6352081,170.7724609,0,72.70732117,9.436966896,11.28893757,106.2788696,908.8028088,44.74931641,14.48446317,18.79092574,0,8.000340719,1.038395437,1.242176791,11.69438173
Philippines,PHL,2020,389.960022,120.6870575,154.2013245,0,64.10514069,9.149131775,12.23453045,107.1194,857.4566069,45.47868882,14.07500467,17.98357179,0,7.476196483,1.067008138,1.426839603,12.49269049
Philippines,PHL,2021,416.6654358,114.5939713,156.1287994,0,81.93990326,10.93153763,12.82890701,94.81962585,887.9081802,46.92663555,12.90606099,17.58389019,0,9.228420808,1.231156315,1.444846134,10.67899001
Singapore,SGP,1985,,,,0,0,0,0,0,0,#DIV/0!,#DIV/0!,#DIV/0!,#DIV/0!,#DIV/0!,#DIV/0!,#DIV/0!,#DIV/0!
Singapore,SGP,1986,,,,0,0,0,0,30.91204643,30.91204643,0,0,0,0,0,0,0,100
Singapore,SGP,1987,,,,0,0,0,0,30.19807434,30.19807434,0,0,0,0,0,0,0,100
Singapore,SGP,1988,,,,0,0,0,0,29.50867271,29.50867271,0,0,0,0,0,0,0,100
Singapore,SGP,1989,,,,0,0,0,0,28.85564995,28.85564995,0,0,0,0,0,0,0,100
Singapore,SGP,1990,,,,0,0,0,0,28.12504005,28.12504005,0,0,0,0,0,0,0,100
Singapore,SGP,1991,,,,0,0,0,0,78.50986481,78.50986481,0,0,0,0,0,0,0,100
Singapore,SGP,1992,,,,0,0,0,0,75.89289093,75.89289093,0,0,0,0,0,0,0,100
Singapore,SGP,1993,,,,0,0,0,0,73.48235321,73.48235321,0,0,0,0,0,0,0,100
Singapore,SGP,1994,,,,0,0,0,0,71.24959564,71.24959564,0,0,0,0,0,0,0,100
Singapore,SGP,1995,,,,0,0,0,0,69.13330841,69.13330841,0,0,0,0,0,0,0,100
Singapore,SGP,1996,,,,0,0,0,0,67.08827209,67.08827209,0,0,0,0,0,0,0,100
Singapore,SGP,1997,,,,0,0,0,0,65.14833069,65.14833069,0,0,0,0,0,0,0,100
Singapore,SGP,1998,,,,0,0,0,0,63.36814499,63.36814499,0,0,0,0,0,0,0,100
Singapore,SGP,1999,,,,0,0,0,0,61.76753616,61.76753616,0,0,0,0,0,0,0,100
Singapore,SGP,2000,0,3544.995361,3609.135742,0,0,0,0,60.44007111,7214.571175,0,49.13660529,50.0256447,0,0,0,0,0.837750015
Singapore,SGP,2001,0,4299.571289,3477.023682,0,0,0,0,114.7684708,7891.363441,0,54.48451742,44.06112717,0,0,0,0,1.454355405
Singapore,SGP,2002,0,4697.377441,3330.301514,0,0,0,0,113.2446136,8140.923569,0,57.70079281,40.90815355,0,0,0,0,1.39105364
Singapore,SGP,2003,0,4734.506836,3357.453613,0,0,0,0,117.1204834,8209.080933,0,57.67401826,40.89926316,0,0,0,0,1.426718586
Singapore,SGP,2004,0,4784.087402,3542.987793,0,0,0,0,112.1672974,8439.242493,0,56.68858794,41.98229635,0,0,0,0,1.329115705
Singapore,SGP,2005,0,5178.789063,3300.614746,0,0,0,0,109.9419556,8589.345764,0,60.29317255,38.4268469,0,0,0,0,1.279980555
Singapore,SGP,2006,0,5324.76709,3151.620361,0,0,0,0,105.5959549,8581.983406,0,62.04587958,36.72368277,0,0,0,0,1.230437649
Singapore,SGP,2007,0,5714.883789,2785.60376,0,0,0,0,105.8506241,8606.338173,0,66.40319813,32.3668871,0,0,0,0,1.229914767
Singapore,SGP,2008,0,5766.364258,2554.561279,0,0,0,0.061383877,107.6558533,8428.642774,0,68.41391209,30.30809761,0,0,0,0.000728277,1.277262024
Singapore,SGP,2009,0,5653.893066,2402.854492,0,0,0,0.318517923,105.1911621,8162.257239,0,69.26874394,29.43860285,0,0,0,0.003902326,1.288750881
Singapore,SGP,2010,0,5821.536621,2449.848145,0,0,0,0.597646773,113.7113495,8385.693762,0,69.42224205,29.21461496,0,0,0,0.007126981,1.356016004
Singapore,SGP,2011,0,5809.119629,2393.326904,0,0,0,0.926846206,114.5889969,8317.962376,0,69.83825324,28.77299507,0,0,0,0.011142707,1.377608983
Singapore,SGP,2012,0,6167.994629,2044.228638,0,0,0,1.522578597,118.1403275,8331.886173,0,74.02879133,24.53500438,0,0,0,0.018274117,1.417930166
Singapore,SGP,2013,0,7327.407715,890.8258057,0,0,0,2.292051077,128.8253021,8349.350874,0,87.76020826,10.66940196,0,0,0,0.027451848,1.542937937
Singapore,SGP,2014,0,7929.262695,369.8049011,0,0,0,4.87083292,133.1029205,8437.04135,0,93.98155546,4.383111162,0,0,0,0.057731528,1.577601851
Singapore,SGP,2015,0,7998.20166,334.512085,0,0,0,8.625279427,143.7669373,8485.105962,0,94.26165915,3.942344226,0,0,0,0.101651994,1.69434463
Singapore,SGP,2016,0,8182.864746,248.6022186,0,0,0,15.49196911,140.3247681,8587.283702,0,95.29049034,2.895004139,0,0,0,0.180405931,1.634099594
Singapore,SGP,2017,0,8162.041504,303.5828552,0,0,0,21.30041313,134.4209595,8621.345732,0,94.67247641,3.521293133,0,0,0,0.247065989,1.55916447
Singapore,SGP,2018,0,8236.244141,259.6936646,0,0,0,23.24553108,131.1356812,8650.319017,0,95.21318375,3.002128176,0,0,0,0.268724553,1.515963526
Singapore,SGP,2019,0,8342.413086,262.5115662,0,0,0,33.17515564,129.5983734,8767.698181,0,95.14940995,2.994076219,0,0,0,0.378379307,1.47813452
Singapore,SGP,2020,0,8083.083008,253.8125153,0,0,0,49.93475342,115.8787994,8502.709076,0,95.06479565,2.985078203,0,0,0,0.587280512,1.362845634
Singapore,SGP,2021,0,8466.498047,265.9456787,0,0,0,66.78849792,127.7962265,8927.02845,0,94.84116797,2.979106432,0,0,0,0.748160469,1.431565131
Thailand,THA,1985,105.0105286,210.8116302,66.24996185,0,72.95197296,0,0,0,455.0240936,23.078015,46.32977313,14.5596602,0,16.03255168,0,0,0
Thailand,THA,1986,107.5097885,198.8997345,64.90073395,0,107.3239288,0,0,0,478.6341858,22.46178641,41.55568917,13.55956926,0,22.42295515,0,0,0
Thailand,THA,1987,127.631752,297.7115784,41.74588394,0,77.29217529,0,0,0.09375146,544.4751411,23.44124504,54.67863561,7.667179049,0,14.19572162,0,0,0.017218685
Thailand,THA,1988,127.305336,350.4876404,58.89241028,0,69.61436462,0,0,0.565239847,606.8649911,20.97753831,57.75380777,9.704367716,0,11.47114525,0,0,0.093140955
Thailand,THA,1989,144.8635559,353.3381958,87.5355072,0,101.4691238,0,0,0.397061974,687.6034447,21.0678927,51.38691473,12.73052191,0,14.75692488,0,0,0.05774578
Thailand,THA,1990,200.1297913,321.6652527,187.7562714,0,88.72444153,0,0,0.452828556,798.7285854,25.05604468,40.27215985,23.50689268,0,11.10820912,0,0,0.056693671
Thailand,THA,1991,245.7264099,339.5941162,227.254776,0,80.30945587,0,0,0.528824747,893.4135827,27.50421693,38.01085217,25.43668245,0,8.989056963,0,0,0.059191483
Thailand,THA,1992,260.1914978,402.9405823,265.0249329,0,73.04199982,0,0,0.366374403,1001.565387,25.9784834,40.23108101,26.46107146,0,7.292783951,0,0,0.036580178
Thailand,THA,1993,233.7256775,483.8189087,315.675354,0,62.52589417,0,0,0.509363055,1096.255197,21.32037121,44.13378471,28.79579087,0,5.703589302,0,0,0.046463912
Thailand,THA,1994,241.1005859,537.1914673,358.8526001,0,75.13395691,0,0,0.866124034,1213.144734,19.87401661,44.280905,29.58036168,0,6.193321768,0,0,0.071394946
Thailand,THA,1995,255.1982117,569.8503418,403.4183655,0,110.9470596,0,0,2.402178288,1341.816157,19.01886561,42.4685855,30.06509971,0,8.268424781,0,0,0.179024397
Thailand,THA,1996,291.9739685,605.0935059,424.4415588,0,119.8284378,0,0,3.43991065,1444.777382,20.20892438,41.88143541,29.37764421,0,8.293903222,0,0,0.238092781
Thailand,THA,1997,311.95401,730.8464966,355.9126282,0,116.1191025,0,0,4.484411716,1519.316649,20.532521,48.10363245,23.42583611,0,7.642850656,0,0,0.295159782
Thailand,THA,1998,268.6925354,793.9259644,299.9920349,0,82.4164505,0,0,5.012713909,1450.039699,18.53001236,54.75201575,20.68853943,0,5.683737525,0,0,0.345694943
Thailand,THA,1999,266.3755493,861.6616211,254.4187927,0,54.60479355,0,0,7.165507317,1444.226264,18.44417014,59.66250875,17.61626963,0,3.780902959,0,0,0.496148526
Thailand,THA,2000,288.5415955,968.7307739,154.1127167,0,93.41622925,0,0,8.35461998,1513.155935,19.06886057,64.02055144,10.1848536,0,6.173602275,0,0,0.552132122
Thailand,THA,2001,318.8698425,1119.071533,41.91718292,0,97.00480652,0,0,9.757878304,1586.621243,20.09741416,70.53173767,2.641914893,0,6.11392334,0,0,0.615009937
Thailand,THA,2002,300.3851318,1228.699463,33.01593018,0,114.7095108,0,0,11.71553993,1688.525576,17.78978869,72.76759562,1.955311228,0,6.793471918,0,0,0.693832543
Thailand,THA,2003,297.9667358,1322.813354,38.74178314,0,111.2703552,0,0,19.01128769,1789.803516,16.64801377,73.90830012,2.164583028,0,6.216903375,0,0,1.062199706
Thailand,THA,2004,312.4194946,1382.444458,87.2840271,0,90.2800293,0,0,28.2021904,1900.630199,16.43767918,72.73610923,4.592372947,0,4.750004989,0,0,1.483833647
Thailand,THA,2005,313.1856689,1435.21228,118.7585678,0,86.1601944,0,0,28.20160484,1981.518316,15.80533808,72.42992752,5.993311636,0,4.348190662,0,0,1.423232105
Thailand,THA,2006,368.9468384,1423.991699,118.8995514,0,119.8749466,0.001975285,0.550064206,29.99987984,2062.264955,17.89037037,69.04989079,5.765483776,0,5.812781055,9.57823E-05,0.026672819,1.454705409
Thailand,THA,2007,462.1070251,1470.121826,44.81452179,0,119.134285,0.005895842,0.580007255,36.20510864,2132.96867,21.66497013,68.92374215,2.101039852,0,5.58537435,0.000276415,0.027192488,1.697404615
Thailand,THA,2008,458.0194092,1551.472656,15.05111504,0,103.235878,0.007158957,0.577469409,31.77992439,2160.143611,21.20319255,71.82266254,0.696764556,0,4.779121048,0.000331411,0.026732917,1.471194981
Thailand,THA,2009,439.5584412,1568.169556,7.274375439,0,102.7187805,0.014746293,0.654735386,33.21304703,2151.603681,20.42934045,72.88375499,0.338090862,0,4.774056737,0.000685363,0.030430111,1.543641485
Thailand,THA,2010,435.9717407,1734.83667,8.787032127,0,78.31719208,0.057477251,0.85424906,49.29822159,2308.122583,18.88858694,75.16224151,0.38070041,0,3.393112336,0.002490217,0.037010559,2.135858033
Thailand,THA,2011,461.5109253,1575.561523,19.36857605,0,115.479454,0.072766595,1.374415398,57.90834808,2231.276009,20.68372194,70.6125785,0.868049312,0,5.175489432,0.00326121,0.061597731,2.595301874
Thailand,THA,2012,500.0592041,1726.049561,19.70469284,0,121.9141083,0.24840571,7.207871914,67.90925598,2443.093099,20.46828278,70.65017543,0.806546948,0,4.99015401,0.010167673,0.295030587,2.779642577
Thailand,THA,2013,508.0899963,1713.427612,20.37383652,0,77.78374481,5.049023628,18.0727272,80.86367798,2423.660619,20.96374354,70.69585564,0.840622501,0,3.209349701,0.208322221,0.745678956,3.336427442
Thailand,THA,2014,537.0413208,1719.733276,23.85653114,0,73.8065033,5.660301208,27.63649178,96.01732635,2483.751751,21.62218187,69.23933826,0.960503848,0,2.971573277,0.227893194,1.112691386,3.865818165
Thailand,THA,2015,491.9610291,1828.38147,13.12499905,0,53.49974442,4.666089535,33.82915115,104.3729172,2529.8354,19.44636513,72.27274429,0.518808419,0,2.114751988,0.184442416,1.337207597,4.12568016
Thailand,THA,2016,525.5447388,1786.643433,6.961020947,0,50.18024063,4.886198997,47.8280983,124.8684998,2546.91223,20.63458381,70.14939155,0.273312165,0,1.970238316,0.191847954,1.877885611,4.902740592
Thailand,THA,2017,503.9964905,1707.295166,4.658784389,0,66.11148834,15.64214325,64.07778168,131.0832825,2492.865137,20.21755943,68.48726555,0.186884734,0,2.652028277,0.627476514,2.570447183,5.258338309
Thailand,THA,2018,503.2690735,1634.595215,2.491270065,0,106.8079147,23.07114601,63.78658295,165.1426392,2499.163841,20.1374982,65.40568441,0.099684143,0,4.273746001,0.923154602,2.552316975,6.607915673
Thailand,THA,2019,502.4028015,1708.658447,15.7739048,0,88.48907471,51.46704483,72.16604614,176.5259552,2615.483274,19.20879428,65.32859391,0.603097139,0,3.383278172,1.967783367,2.759185916,6.749267217
Thailand,THA,2020,515.1847534,1592.977905,10.09519863,0,63.51599121,51.48682022,72.19377899,163.7069092,2469.161357,20.86476657,64.51493746,0.408851313,0,2.572371021,2.085194638,2.923817789,6.630061204
Thailand,THA,2021,503.6881104,1579.76416,10.00504208,0,63.40673447,51.25619507,73.21754456,181.3175354,2462.655322,20.45304943,64.14881311,0.406270499,0,2.574730369,2.08133857,2.973113773,7.362684245
Vietnam,VNM,1985,38.52113724,1.203785539,20.33060074,0,24.69432259,0,0,0,84.7498461,45.45275185,1.420398495,23.98895299,0,29.13789667,0,0,0
Vietnam,VNM,1986,43.40006638,1.078059554,22.81892586,0,22.98226929,0,0,0,90.27932107,48.07309787,1.194137862,25.27591655,0,25.45684772,0,0,0
Vietnam,VNM,1987,48.93759155,1.053794861,24.52467918,0,22.09775734,0,0,0,96.61382294,50.65278452,1.090728872,25.3842343,0,22.8722523,0,0,0
Vietnam,VNM,1988,53.71850586,0.999414146,23.26760864,0,27.96797943,0,0,0,105.9535081,50.70007292,0.943257249,21.960206,0,26.39646382,0,0,0
Vietnam,VNM,1989,41.63970947,0.580450773,18.05507469,0,58.62553024,0,0,0,118.9007652,35.02055635,0.488180856,15.18499453,0,49.30626826,0,0,0
Vietnam,VNM,1990,29.90467262,0.08966919,19.50304794,0,80.23897552,0,0,0,129.7363653,23.05033948,0.069116466,15.03283054,0,61.84771352,0,0,0
Vietnam,VNM,1991,19.98278999,0.512004137,21.82600403,0,92.40942383,0,0,0,134.730222,14.83170568,0.380021742,16.19978332,0,68.58848925,0,0,0
Vietnam,VNM,1992,12.19394207,0.08597374,23.2129097,0,103.5697021,0,0,0,139.0625277,8.7686757,0.0618238,16.69242613,0,74.47707437,0,0,0
Vietnam,VNM,1993,8.949594498,0.196694389,28.74547958,0,111.9050598,0,0,0,149.7968283,5.974488646,0.131307446,19.18964501,0,74.7045589,0,0,0
Vietnam,VNM,1994,14.772192,0.05517159,27.17200661,0,127.4877396,0,0,0,169.4871098,8.715820349,0.032552086,16.03190157,0,75.219726,0,0,0
Vietnam,VNM,1995,27.42712021,10.14111996,17.55715179,0,143.4670105,0,0,0,198.5924025,13.81076006,5.106499459,8.84079732,0,72.24194316,0,0,0
Vietnam,VNM,1996,31.7026329,14.63711739,19.52060318,0,160.2210541,0,0,0,226.0814075,14.02266257,6.474268514,8.634324862,0,70.86874406,0,0,0
Vietnam,VNM,1997,43.71629333,25.94052505,28.62266731,0,153.2633972,0,0,0,251.5428829,17.37926068,10.3125657,11.37884204,0,60.92933159,0,0,0
Vietnam,VNM,1998,45.11955261,44.56203842,47.66077042,0,143.8509827,0,0,0,281.1933441,16.0457399,15.84747269,16.94946606,0,51.15732135,0,0,0
Vietnam,VNM,1999,37.31261444,46.02956009,41.90789032,0,176.3101044,0,0,0,301.5601692,12.37319058,15.26380629,13.89702441,0,58.46597872,0,0,0
Vietnam,VNM,2000,39.68297195,55.13843918,57.20170593,0,184.1872101,0,0,0,336.2103271,11.80301994,16.3999838,17.01366713,0,54.78332913,0,0,0
Vietnam,VNM,2001,40.31683731,55.41372681,59.59826279,0,228.1446838,0,0,0,383.4735107,10.51359121,14.45047057,15.54168961,0,59.49424861,0,0,0
Vietnam,VNM,2002,60.48933792,103.345253,54.38833237,0,225.6631927,0,0,0,443.886116,13.62722008,23.28192959,12.25276719,0,50.83808315,0,0,0
Vietnam,VNM,2003,88.82390594,147.822998,32.62317657,0,233.0262146,0,0,0,502.2962952,17.68356781,29.42944224,6.494807326,0,46.39218263,0,0,0
Vietnam,VNM,2004,87.14484406,237.3066254,20.47108078,0,216.4710846,0,0,0,561.3936348,15.52294837,42.27098611,3.646475398,0,38.55959013,0,0,0
Vietnam,VNM,2005,132.3878021,268.4440308,26.06381416,0,198.8763885,0,0,0.60138005,626.3734156,21.13560359,42.85686845,4.161066468,0,31.75045166,0,0,0.09600983
Vietnam,VNM,2006,145.7383881,291.8579712,16.72388268,0,234.7894897,0,0,0.774253726,689.8839854,21.12505742,42.3053698,2.424158703,0,34.03318452,0,0,0.112229555
Vietnam,VNM,2007,145.7841949,314.0312195,31.33469582,0,264.7050476,0,0,0.932018459,756.7871763,19.2635657,41.49531458,4.140489796,0,34.97747529,0,0,0.123154632
Vietnam,VNM,2008,143.5595551,362.8855591,18.33003235,0,303.5612183,0.019860456,0,0.64254415,828.9987694,17.31722173,43.77395631,2.211104893,0,36.61781289,0.002395716,0,0.077508456
Vietnam,VNM,2009,143.9521179,420.4067078,20.63991356,0,346.6233521,0.134130538,0,0.716904581,932.4731264,15.43766934,45.08512855,2.213459345,0,37.17247631,0.014384386,0,0.076882063
Vietnam,VNM,2010,181.6475983,511.217041,28.96660042,0,326.324646,0.465616375,0.067451455,0.629211307,1049.318165,17.31101246,48.71897372,2.760516437,0,31.0987322,0.044373231,0.006428122,0.059963825
Vietnam,VNM,2011,225.7146912,448.7894897,8.249806404,0,464.9245911,0.460672468,0.066735253,0.633849084,1148.839835,19.6471853,39.0645829,0.718098916,0,40.46905207,0.040098929,0.005808926,0.055172972
Vietnam,VNM,2012,237.9695892,452.1993408,1.175794363,0,596.9157715,0.4557603,0.066023655,0.638288379,1289.420568,18.45554469,35.06996491,0.091187809,0,46.29333409,0.035346132,0.005120413,0.049501954
Vietnam,VNM,2013,266.1340942,462.5049133,8.074457169,0,640.5354614,0.763284922,0.065316804,0.642533004,1378.720061,19.30298266,33.54596241,0.585648777,0,46.45870323,0.055361849,0.004737496,0.046603587
Vietnam,VNM,2014,382.1846008,475.493866,7.669256687,0,681.3677979,0.755188465,0.073096544,0.64667809,1548.190484,24.68589006,30.71287873,0.495369062,0,44.01059202,0.048778782,0.004721418,0.041769931
Vietnam,VNM,2015,571.7601318,511.0422363,7.589736938,0,620.1320801,1.91666472,0.072338633,0.75928992,1713.272478,33.37239926,29.82842734,0.44299649,0,36.195765,0.111871564,0.004222249,0.044318106
Vietnam,VNM,2016,686.9578247,489.2248535,19.00532532,0,689.0302734,2.158353806,0.056804437,0.730189383,1887.163625,36.40160375,25.92381748,1.007084127,0,36.51142193,0.114370253,0.003010043,0.038692426
Vietnam,VNM,2017,665.8616333,424.9086609,10.53991222,0,931.5767212,3.722095728,0.084991403,0.813054562,2037.507069,32.68021217,20.85434045,0.517294511,0,45.72139823,0.182678911,0.004171343,0.03990438
Vietnam,VNM,2018,883.3756104,420.552887,2.236753941,0,890.1605835,5.130942822,1.106176496,1.329725504,2203.89268,40.08251484,19.08227614,0.101491055,0,40.39037798,0.232812735,0.05019194,0.060335311
Vietnam,VNM,2019,1160.824951,440.4482727,14.78438759,0,694.7617798,7.538366795,54.83368301,1.3177526,2374.509194,48.8869428,18.54902368,0.6226292,0,29.25917413,0.317470525,2.309263875,0.055495788
Vietnam,VNM,2020,1187.445068,351.2905884,12.94999599,0,759.2654419,11.11023903,112.3657303,1.305863738,2435.732928,48.75103731,14.42237712,0.531667321,0,31.17194965,0.456135355,4.613220481,0.053612764
Vietnam,VNM,2021,1170.877686,269.0467834,2.161886454,0,778.7115479,24.53741074,264.3987122,1.621414781,2511.355441,46.62333601,10.71321005,0.086084447,0,31.00761984,0.977058458,10.52812787,0.064563333
